,year,station_id,month,day,date,delta_stage_max,index,delta_stage_max_predicted
0,1993,3019,4,111,1993-04-21,,3019,3.2438126
1,1993,3019,4,112,1993-04-22,,3019,3.6709023
2,1993,3019,4,113,1993-04-23,,3019,-24.958355
3,1993,3019,4,114,1993-04-24,,3019,5.5508766
4,1993,3019,4,115,1993-04-25,,3019,22.360085
5,1993,3019,4,116,1993-04-26,,3019,29.295319
6,1993,3019,4,117,1993-04-27,,3019,34.170536
7,1997,3019,4,111,1997-04-21,,3019,1.381897
8,1997,3019,4,112,1997-04-22,,3019,8.488209
9,1997,3019,4,113,1997-04-23,,3019,3.2846642
10,1997,3019,4,114,1997-04-24,,3019,15.914772
11,1997,3019,4,115,1997-04-25,,3019,19.25338
12,1997,3019,4,116,1997-04-26,,3019,28.667107
13,1997,3019,4,117,1997-04-27,,3019,57.003036
14,2001,3019,4,111,2001-04-21,,3019,-16.01651
15,2001,3019,4,112,2001-04-22,,3019,-3.119217
16,2001,3019,4,113,2001-04-23,,3019,-2.5676994
17,2001,3019,4,114,2001-04-24,,3019,18.839184
18,2001,3019,4,115,2001-04-25,,3019,13.855473
19,2001,3019,4,116,2001-04-26,,3019,7.177574
20,2001,3019,4,117,2001-04-27,,3019,0.15744019
21,2012,3019,4,112,2012-04-21,,3019,2.4778671
22,2012,3019,4,113,2012-04-22,,3019,1.7632332
23,2012,3019,4,114,2012-04-23,,3019,-3.5589714
24,2012,3019,4,115,2012-04-24,,3019,11.065773
25,2012,3019,4,116,2012-04-25,,3019,-17.784824
26,2012,3019,4,117,2012-04-26,,3019,24.060501
27,2012,3019,4,118,2012-04-27,,3019,29.34748
28,1993,3027,4,111,1993-04-21,,3027,13.6924515
29,1993,3027,4,112,1993-04-22,,3027,19.047089
30,1993,3027,4,113,1993-04-23,,3027,-38.565224
31,1993,3027,4,114,1993-04-24,,3027,11.910652
32,1993,3027,4,115,1993-04-25,,3027,31.690369
33,1993,3027,4,116,1993-04-26,,3027,49.26467
34,1993,3027,4,117,1993-04-27,,3027,44.156616
35,1997,3027,4,111,1997-04-21,,3027,8.68573
36,1997,3027,4,112,1997-04-22,,3027,4.302109
37,1997,3027,4,113,1997-04-23,,3027,-23.523926
38,1997,3027,4,114,1997-04-24,,3027,17.625977
39,1997,3027,4,115,1997-04-25,,3027,41.98484
40,1997,3027,4,116,1997-04-26,,3027,49.93387
41,1997,3027,4,117,1997-04-27,,3027,151.48273
42,2001,3027,4,111,2001-04-21,,3027,-8.01709
43,2001,3027,4,112,2001-04-22,,3027,13.904434
44,2001,3027,4,113,2001-04-23,,3027,-5.0822983
45,2001,3027,4,114,2001-04-24,,3027,5.6334076
46,2001,3027,4,115,2001-04-25,,3027,15.593376
47,2001,3027,4,116,2001-04-26,,3027,10.47142
48,2001,3027,4,117,2001-04-27,,3027,1.336647
49,2004,3027,4,112,2004-04-21,,3027,1.794281
50,2004,3027,4,113,2004-04-22,,3027,-1.9657135
51,2004,3027,4,114,2004-04-23,,3027,-0.08882141
52,2004,3027,4,115,2004-04-24,,3027,1.7770844
53,2004,3027,4,116,2004-04-25,,3027,13.400253
54,2004,3027,4,117,2004-04-26,,3027,-13.340439
55,2004,3027,4,118,2004-04-27,,3027,18.39624
56,2012,3027,4,112,2012-04-21,,3027,-24.067368
57,2012,3027,4,113,2012-04-22,,3027,15.868927
58,2012,3027,4,114,2012-04-23,,3027,11.524002
59,2012,3027,4,115,2012-04-24,,3027,12.301987
60,2012,3027,4,116,2012-04-25,,3027,-6.9360046
61,2012,3027,4,117,2012-04-26,,3027,39.865036
62,2012,3027,4,118,2012-04-27,,3027,56.65918
63,1997,3028,4,111,1997-04-21,,3028,6.412567
64,1997,3028,4,112,1997-04-22,,3028,3.72464
65,1997,3028,4,113,1997-04-23,,3028,12.53157
66,1997,3028,4,114,1997-04-24,,3028,3.5713043
67,1997,3028,4,115,1997-04-25,,3028,39.098328
68,1997,3028,4,116,1997-04-26,,3028,24.153961
69,1997,3028,4,117,1997-04-27,,3028,116.8208
70,2001,3028,4,111,2001-04-21,,3028,6.312317
71,2001,3028,4,112,2001-04-22,,3028,-1.7509766
72,2001,3028,4,113,2001-04-23,,3028,25.198334
73,2001,3028,4,114,2001-04-24,,3028,-2.3587341
74,2001,3028,4,115,2001-04-25,,3028,-0.18612671
75,2001,3028,4,116,2001-04-26,,3028,4.4601135
76,2001,3028,4,117,2001-04-27,,3028,9.57373
77,2004,3028,4,112,2004-04-21,,3028,7.865906
78,2004,3028,4,113,2004-04-22,,3028,2.778717
79,2004,3028,4,114,2004-04-23,,3028,9.086426
80,2004,3028,4,115,2004-04-24,,3028,-0.048919678
81,2004,3028,4,116,2004-04-25,,3028,-13.95282
82,2004,3028,4,117,2004-04-26,,3028,-6.6707153
83,2004,3028,4,118,2004-04-27,,3028,21.99582
84,2012,3028,4,112,2012-04-21,,3028,-0.7312622
85,2012,3028,4,113,2012-04-22,,3028,-4.434494
86,2012,3028,4,114,2012-04-23,,3028,22.445496
87,2012,3028,4,115,2012-04-24,,3028,11.766296
88,2012,3028,4,116,2012-04-25,,3028,16.66246
89,2012,3028,4,117,2012-04-26,,3028,36.131363
90,2012,3028,4,118,2012-04-27,,3028,24.022217
91,1993,3029,4,111,1993-04-21,,3029,2.9213715
92,1993,3029,4,112,1993-04-22,,3029,15.596886
93,1993,3029,4,113,1993-04-23,,3029,3.196045
94,1993,3029,4,114,1993-04-24,,3029,-5.3880386
95,1993,3029,4,115,1993-04-25,,3029,63.445755
96,1993,3029,4,116,1993-04-26,,3029,37.44345
97,1993,3029,4,117,1993-04-27,,3029,43.8416
98,1997,3029,4,111,1997-04-21,,3029,12.546051
99,1997,3029,4,112,1997-04-22,,3029,12.640854
100,1997,3029,4,113,1997-04-23,,3029,-3.9381409
101,1997,3029,4,114,1997-04-24,,3029,21.49984
102,1997,3029,4,115,1997-04-25,,3029,41.327522
103,1997,3029,4,116,1997-04-26,,3029,47.36685
104,1997,3029,4,117,1997-04-27,,3029,116.40811
105,2001,3029,4,111,2001-04-21,,3029,1.7761993
106,2001,3029,4,112,2001-04-22,,3029,-10.941116
107,2001,3029,4,113,2001-04-23,,3029,-7.783348
108,2001,3029,4,114,2001-04-24,,3029,9.82151
109,2001,3029,4,115,2001-04-25,,3029,-4.086258
110,2001,3029,4,116,2001-04-26,,3029,23.080841
111,2001,3029,4,117,2001-04-27,,3029,15.013351
112,2004,3029,4,112,2004-04-21,,3029,6.203003
113,2004,3029,4,113,2004-04-22,,3029,8.869156
114,2004,3029,4,114,2004-04-23,,3029,4.084259
115,2004,3029,4,115,2004-04-24,,3029,2.6381989
116,2004,3029,4,116,2004-04-25,,3029,7.7197876
117,2004,3029,4,117,2004-04-26,,3029,7.3789062
118,2004,3029,4,118,2004-04-27,,3029,-1.1822357
119,2012,3029,4,112,2012-04-21,,3029,-16.389023
120,2012,3029,4,113,2012-04-22,,3029,-12.397095
121,2012,3029,4,114,2012-04-23,,3029,45.004257
122,2012,3029,4,115,2012-04-24,,3029,-16.121689
123,2012,3029,4,116,2012-04-25,,3029,33.521606
124,2012,3029,4,117,2012-04-26,,3029,58.736115
125,2012,3029,4,118,2012-04-27,,3029,41.61432
126,1993,3030,4,111,1993-04-21,,3030,-4.926979
127,1993,3030,4,112,1993-04-22,,3030,-6.2241745
128,1993,3030,4,113,1993-04-23,,3030,-3.3428574
129,1993,3030,4,114,1993-04-24,,3030,62.882576
130,1993,3030,4,115,1993-04-25,,3030,-18.982376
131,1993,3030,4,116,1993-04-26,,3030,-6.553177
132,1993,3030,4,117,1993-04-27,,3030,24.432663
133,1997,3030,4,111,1997-04-21,,3030,10.283722
134,1997,3030,4,112,1997-04-22,,3030,4.4447174
135,1997,3030,4,113,1997-04-23,,3030,20.861267
136,1997,3030,4,114,1997-04-24,,3030,-15.851746
137,1997,3030,4,115,1997-04-25,,3030,43.25801
138,1997,3030,4,116,1997-04-26,,3030,57.937485
139,1997,3030,4,117,1997-04-27,,3030,196.7688
140,2001,3030,4,111,2001-04-21,,3030,0.6896286
141,2001,3030,4,112,2001-04-22,,3030,-31.271706
142,2001,3030,4,113,2001-04-23,,3030,36.70411
143,2001,3030,4,114,2001-04-24,,3030,-37.2705
144,2001,3030,4,115,2001-04-25,,3030,25.939148
145,2001,3030,4,116,2001-04-26,,3030,9.412216
146,2001,3030,4,117,2001-04-27,,3030,-1.6811676
147,2004,3030,4,112,2004-04-21,,3030,-2.757904
148,2004,3030,4,113,2004-04-22,,3030,-3.1747437
149,2004,3030,4,114,2004-04-23,,3030,14.713684
150,2004,3030,4,115,2004-04-24,,3030,-4.0864563
151,2004,3030,4,116,2004-04-25,,3030,-5.6568756
152,2004,3030,4,117,2004-04-26,,3030,-1.5216217
153,2004,3030,4,118,2004-04-27,,3030,6.7640076
154,2012,3030,4,112,2012-04-21,,3030,-30.914612
155,2012,3030,4,113,2012-04-22,,3030,7.1418
156,2012,3030,4,114,2012-04-23,,3030,14.683762
157,2012,3030,4,115,2012-04-24,,3030,16.695198
158,2012,3030,4,116,2012-04-25,,3030,30.167648
159,2012,3030,4,117,2012-04-26,,3030,52.84153
160,2012,3030,4,118,2012-04-27,,3030,12.000641
161,1993,3035,4,111,1993-04-21,,3035,-13.129639
162,1993,3035,4,112,1993-04-22,,3035,15.786247
163,1993,3035,4,113,1993-04-23,,3035,38.3451
164,1993,3035,4,114,1993-04-24,,3035,-68.93211
165,1993,3035,4,115,1993-04-25,,3035,-8.80159
166,1993,3035,4,116,1993-04-26,,3035,65.62201
167,1993,3035,4,117,1993-04-27,,3035,144.24277
168,1997,3035,4,111,1997-04-21,,3035,16.27195
169,1997,3035,4,112,1997-04-22,,3035,-1.3796539
170,1997,3035,4,113,1997-04-23,,3035,-15.368477
171,1997,3035,4,114,1997-04-24,,3035,-0.81214905
172,1997,3035,4,115,1997-04-25,,3035,3.5482635
173,1997,3035,4,116,1997-04-26,,3035,82.89476
174,1997,3035,4,117,1997-04-27,,3035,205.6189
175,2001,3035,4,111,2001-04-21,,3035,-9.05098
176,2001,3035,4,112,2001-04-22,,3035,15.924759
177,2001,3035,4,113,2001-04-23,,3035,-28.898575
178,2001,3035,4,114,2001-04-24,,3035,16.6818
179,2001,3035,4,115,2001-04-25,,3035,2.6130524
180,2001,3035,4,116,2001-04-26,,3035,54.30201
181,2001,3035,4,117,2001-04-27,,3035,40.7592
182,2004,3035,4,112,2004-04-21,,3035,-4.5516663
183,2004,3035,4,113,2004-04-22,,3035,-7.526596
184,2004,3035,4,114,2004-04-23,,3035,-4.9078674
185,2004,3035,4,115,2004-04-24,,3035,14.097748
186,2004,3035,4,116,2004-04-25,,3035,9.354248
187,2004,3035,4,117,2004-04-26,,3035,-8.989471
188,2004,3035,4,118,2004-04-27,,3035,-11.455414
189,2012,3035,4,112,2012-04-21,,3035,16.929077
190,2012,3035,4,113,2012-04-22,,3035,-5.1045837
191,2012,3035,4,114,2012-04-23,,3035,7.688141
192,2012,3035,4,115,2012-04-24,,3035,-17.552933
193,2012,3035,4,116,2012-04-25,,3035,-24.29332
194,2012,3035,4,117,2012-04-26,,3035,29.212051
195,2012,3035,4,118,2012-04-27,,3035,82.65155
196,1993,3041,4,111,1993-04-21,,3041,-0.6418381
197,1993,3041,4,112,1993-04-22,,3041,1.6038742
198,1993,3041,4,113,1993-04-23,,3041,-18.725395
199,1993,3041,4,114,1993-04-24,,3041,7.3020706
200,1993,3041,4,115,1993-04-25,,3041,6.435547
201,1993,3041,4,116,1993-04-26,,3041,40.28414
202,1993,3041,4,117,1993-04-27,,3041,25.66092
203,1997,3041,4,111,1997-04-21,,3041,4.5704193
204,1997,3041,4,112,1997-04-22,,3041,-0.5386734
205,1997,3041,4,113,1997-04-23,,3041,-12.199379
206,1997,3041,4,114,1997-04-24,,3041,4.101692
207,1997,3041,4,115,1997-04-25,,3041,44.978073
208,1997,3041,4,116,1997-04-26,,3041,31.115173
209,1997,3041,4,117,1997-04-27,,3041,144.92023
210,2001,3041,4,111,2001-04-21,,3041,-4.3084717
211,2001,3041,4,112,2001-04-22,,3041,-1.7733917
212,2001,3041,4,113,2001-04-23,,3041,7.294464
213,2001,3041,4,114,2001-04-24,,3041,-0.758728
214,2001,3041,4,115,2001-04-25,,3041,2.6672516
215,2001,3041,4,116,2001-04-26,,3041,-5.9927826
216,2001,3041,4,117,2001-04-27,,3041,-11.169449
217,2004,3041,4,112,2004-04-21,,3041,3.1290436
218,2004,3041,4,113,2004-04-22,,3041,0.10971069
219,2004,3041,4,114,2004-04-23,,3041,-7.2805023
220,2004,3041,4,115,2004-04-24,,3041,-14.020645
221,2004,3041,4,116,2004-04-25,,3041,10.635956
222,2004,3041,4,117,2004-04-26,,3041,2.6542206
223,2004,3041,4,118,2004-04-27,,3041,0.17884827
224,2012,3041,4,112,2012-04-21,,3041,1.5155182
225,2012,3041,4,113,2012-04-22,,3041,13.762077
226,2012,3041,4,114,2012-04-23,,3041,-25.894165
227,2012,3041,4,115,2012-04-24,,3041,32.510513
228,2012,3041,4,116,2012-04-25,,3041,-5.078476
229,2012,3041,4,117,2012-04-26,,3041,39.18811
230,2012,3041,4,118,2012-04-27,,3041,32.619247
231,1993,3045,4,111,1993-04-21,,3045,-11.705063
232,1993,3045,4,112,1993-04-22,,3045,-7.0594177
233,1993,3045,4,113,1993-04-23,,3045,38.74364
234,1993,3045,4,114,1993-04-24,,3045,-3.054821
235,1993,3045,4,115,1993-04-25,,3045,-7.1625824
236,1993,3045,4,116,1993-04-26,,3045,-0.45156097
237,1993,3045,4,117,1993-04-27,,3045,5.683098
238,1997,3045,4,111,1997-04-21,,3045,22.643951
239,1997,3045,4,112,1997-04-22,,3045,12.413361
240,1997,3045,4,113,1997-04-23,,3045,7.4834976
241,1997,3045,4,114,1997-04-24,,3045,-0.37716675
242,1997,3045,4,115,1997-04-25,,3045,56.045532
243,1997,3045,4,116,1997-04-26,,3045,25.240509
244,1997,3045,4,117,1997-04-27,,3045,129.63736
245,2001,3045,4,111,2001-04-21,,3045,-7.937805
246,2001,3045,4,112,2001-04-22,,3045,13.202835
247,2001,3045,4,113,2001-04-23,,3045,7.8773193
248,2001,3045,4,114,2001-04-24,,3045,9.635635
249,2001,3045,4,115,2001-04-25,,3045,-10.983353
250,2001,3045,4,116,2001-04-26,,3045,0.8806915
251,2001,3045,4,117,2001-04-27,,3045,-14.916412
252,2004,3045,4,112,2004-04-21,,3045,1.4884262
253,2004,3045,4,113,2004-04-22,,3045,-9.540314
254,2004,3045,4,114,2004-04-23,,3045,2.5906677
255,2004,3045,4,115,2004-04-24,,3045,2.668663
256,2004,3045,4,116,2004-04-25,,3045,10.1369095
257,2004,3045,4,117,2004-04-26,,3045,-5.240135
258,2004,3045,4,118,2004-04-27,,3045,14.598526
259,2012,3045,4,112,2012-04-21,,3045,-41.711227
260,2012,3045,4,113,2012-04-22,,3045,-5.07782
261,2012,3045,4,114,2012-04-23,,3045,17.360413
262,2012,3045,4,115,2012-04-24,,3045,8.949661
263,2012,3045,4,116,2012-04-25,,3045,4.770569
264,2012,3045,4,117,2012-04-26,,3045,51.7063
265,2012,3045,4,118,2012-04-27,,3045,-5.450485
266,1993,3050,4,111,1993-04-21,,3050,16.54715
267,1993,3050,4,112,1993-04-22,,3050,14.593994
268,1993,3050,4,113,1993-04-23,,3050,-32.75551
269,1993,3050,4,114,1993-04-24,,3050,38.346695
270,1993,3050,4,115,1993-04-25,,3050,22.164658
271,1993,3050,4,116,1993-04-26,,3050,-4.6996
272,1993,3050,4,117,1993-04-27,,3050,2.4418488
273,1997,3050,4,111,1997-04-21,,3050,12.9240265
274,1997,3050,4,112,1997-04-22,,3050,13.901215
275,1997,3050,4,113,1997-04-23,,3050,19.087723
276,1997,3050,4,114,1997-04-24,,3050,12.8125305
277,1997,3050,4,115,1997-04-25,,3050,12.5017395
278,1997,3050,4,116,1997-04-26,,3050,48.8869
279,1997,3050,4,117,1997-04-27,,3050,118.00156
280,2001,3050,4,111,2001-04-21,,3050,1.9213715
281,2001,3050,4,112,2001-04-22,,3050,4.1164246
282,2001,3050,4,113,2001-04-23,,3050,24.898605
283,2001,3050,4,114,2001-04-24,,3050,1.3878021
284,2001,3050,4,115,2001-04-25,,3050,7.11084
285,2001,3050,4,116,2001-04-26,,3050,0.11071777
286,2001,3050,4,117,2001-04-27,,3050,-4.78685
287,2004,3050,4,112,2004-04-21,,3050,8.181641
288,2004,3050,4,113,2004-04-22,,3050,-4.087921
289,2004,3050,4,114,2004-04-23,,3050,1.3239441
290,2004,3050,4,115,2004-04-24,,3050,1.5447693
291,2004,3050,4,116,2004-04-25,,3050,2.635254
292,2004,3050,4,117,2004-04-26,,3050,0.99661255
293,2004,3050,4,118,2004-04-27,,3050,11.55545
294,2012,3050,4,112,2012-04-21,,3050,-12.661194
295,2012,3050,4,113,2012-04-22,,3050,13.796585
296,2012,3050,4,114,2012-04-23,,3050,-19.00319
297,2012,3050,4,115,2012-04-24,,3050,34.145035
298,2012,3050,4,116,2012-04-25,,3050,34.260544
299,2012,3050,4,117,2012-04-26,,3050,26.13594
300,2012,3050,4,118,2012-04-27,,3050,18.551239
301,1993,3230,4,111,1993-04-21,,3230,-5.7854767
302,1993,3230,4,112,1993-04-22,,3230,8.769348
303,1993,3230,4,113,1993-04-23,,3230,-35.21985
304,1993,3230,4,114,1993-04-24,,3230,71.45151
305,1993,3230,4,115,1993-04-25,,3230,33.515656
306,1993,3230,4,116,1993-04-26,,3230,28.031494
307,1993,3230,4,117,1993-04-27,,3230,32.08548
308,1997,3230,4,111,1997-04-21,,3230,0.8675537
309,1997,3230,4,112,1997-04-22,,3230,3.2376556
310,1997,3230,4,113,1997-04-23,,3230,18.66333
311,1997,3230,4,114,1997-04-24,,3230,12.1586
312,1997,3230,4,115,1997-04-25,,3230,43.660843
313,1997,3230,4,116,1997-04-26,,3230,66.81836
314,1997,3230,4,117,1997-04-27,,3230,169.53479
315,2001,3230,4,111,2001-04-21,,3230,-3.2621613
316,2001,3230,4,112,2001-04-22,,3230,15.856705
317,2001,3230,4,113,2001-04-23,,3230,17.053146
318,2001,3230,4,114,2001-04-24,,3230,-20.671158
319,2001,3230,4,115,2001-04-25,,3230,14.844467
320,2001,3230,4,116,2001-04-26,,3230,-10.122131
321,2001,3230,4,117,2001-04-27,,3230,7.11145
322,2004,3230,4,112,2004-04-21,,3230,4.2020264
323,2004,3230,4,113,2004-04-22,,3230,4.282501
324,2004,3230,4,114,2004-04-23,,3230,1.9246826
325,2004,3230,4,115,2004-04-24,,3230,-2.4117126
326,2004,3230,4,116,2004-04-25,,3230,15.289856
327,2004,3230,4,117,2004-04-26,,3230,-9.0086975
328,2004,3230,4,118,2004-04-27,,3230,-24.67508
329,2012,3230,4,112,2012-04-21,,3230,24.772614
330,2012,3230,4,113,2012-04-22,,3230,-1.1318817
331,2012,3230,4,114,2012-04-23,,3230,58.59297
332,2012,3230,4,115,2012-04-24,,3230,44.66237
333,2012,3230,4,116,2012-04-25,,3230,49.451477
334,2012,3230,4,117,2012-04-26,,3230,74.882904
335,2012,3230,4,118,2012-04-27,,3230,-6.9203186
336,1989,3019,4,118,1989-04-28,,3019,-20.010002
337,1989,3019,4,119,1989-04-29,,3019,18.169926
338,1989,3019,4,120,1989-04-30,,3019,12.292854
339,1989,3019,5,121,1989-05-01,,3019,3.876255
340,1989,3019,5,122,1989-05-02,,3019,4.3884087
341,1989,3019,5,123,1989-05-03,,3019,6.1552353
342,1989,3019,5,124,1989-05-04,,3019,13.369438
343,2003,3019,4,118,2003-04-28,,3019,113.05939
344,2003,3019,4,119,2003-04-29,,3019,-77.72423
345,2003,3019,4,120,2003-04-30,,3019,-10.581615
346,2003,3019,5,121,2003-05-01,,3019,6.6171913
347,2003,3019,5,122,2003-05-02,,3019,-3.7424774
348,2003,3019,5,123,2003-05-03,,3019,-26.253147
349,2003,3019,5,124,2003-05-04,,3019,5.35466
350,2005,3019,4,118,2005-04-28,,3019,153.70944
351,2005,3019,4,119,2005-04-29,,3019,-96.33008
352,2005,3019,4,120,2005-04-30,,3019,-23.751358
353,2005,3019,5,121,2005-05-01,,3019,-10.437241
354,2005,3019,5,122,2005-05-02,,3019,0.593338
355,2005,3019,5,123,2005-05-03,,3019,-19.990402
356,2005,3019,5,124,2005-05-04,,3019,-10.349136
357,2013,3019,4,118,2013-04-28,,3019,109.919624
358,2013,3019,4,119,2013-04-29,,3019,-60.023064
359,2013,3019,4,120,2013-04-30,,3019,-18.366837
360,2013,3019,5,121,2013-05-01,,3019,-13.734268
361,2013,3019,5,122,2013-05-02,,3019,-7.2906723
362,2013,3019,5,123,2013-05-03,,3019,-2.7055588
363,2013,3019,5,124,2013-05-04,,3019,6.5786514
364,1989,3027,4,118,1989-04-28,,3027,-109.254166
365,1989,3027,4,119,1989-04-29,,3027,108.89342
366,1989,3027,4,120,1989-04-30,,3027,9.958176
367,1989,3027,5,121,1989-05-01,,3027,8.241165
368,1989,3027,5,122,1989-05-02,,3027,1.251236
369,1989,3027,5,123,1989-05-03,,3027,18.108917
370,1989,3027,5,124,1989-05-04,,3027,-0.6215973
371,2003,3027,4,118,2003-04-28,,3027,152.82283
372,2003,3027,4,119,2003-04-29,,3027,-124.81406
373,2003,3027,4,120,2003-04-30,,3027,-37.32228
374,2003,3027,5,121,2003-05-01,,3027,6.614311
375,2003,3027,5,122,2003-05-02,,3027,26.176651
376,2003,3027,5,123,2003-05-03,,3027,6.8085327
377,2003,3027,5,124,2003-05-04,,3027,-12.025833
378,2005,3027,4,118,2005-04-28,,3027,334.0384
379,2005,3027,4,119,2005-04-29,,3027,-193.40518
380,2005,3027,4,120,2005-04-30,,3027,-39.079453
381,2005,3027,5,121,2005-05-01,,3027,-29.201614
382,2005,3027,5,122,2005-05-02,,3027,-11.336441
383,2005,3027,5,123,2005-05-03,,3027,-26.627625
384,2005,3027,5,124,2005-05-04,,3027,8.030258
385,2013,3027,4,118,2013-04-28,,3027,296.90103
386,2013,3027,4,119,2013-04-29,,3027,-152.5235
387,2013,3027,4,120,2013-04-30,,3027,-24.709778
388,2013,3027,5,121,2013-05-01,,3027,-8.8349
389,2013,3027,5,122,2013-05-02,,3027,4.6467896
390,2013,3027,5,123,2013-05-03,,3027,-9.727203
391,2013,3027,5,124,2013-05-04,,3027,28.51561
392,1989,3028,4,118,1989-04-28,,3028,-121.16646
393,1989,3028,4,119,1989-04-29,,3028,73.75137
394,1989,3028,4,120,1989-04-30,,3028,31.25496
395,1989,3028,5,121,1989-05-01,,3028,10.34198
396,1989,3028,5,122,1989-05-02,,3028,22.24945
397,1989,3028,5,123,1989-05-03,,3028,-75.631165
398,1989,3028,5,124,1989-05-04,,3028,39.96527
399,2003,3028,4,118,2003-04-28,,3028,128.63257
400,2003,3028,4,119,2003-04-29,,3028,-73.60501
401,2003,3028,4,120,2003-04-30,,3028,-0.9437256
402,2003,3028,5,121,2003-05-01,,3028,19.048737
403,2003,3028,5,122,2003-05-02,,3028,9.025391
404,2003,3028,5,123,2003-05-03,,3028,-63.126587
405,2003,3028,5,124,2003-05-04,,3028,6.712372
406,2005,3028,4,118,2005-04-28,,3028,238.63498
407,2005,3028,4,119,2005-04-29,,3028,-172.59106
408,2005,3028,4,120,2005-04-30,,3028,-3.327057
409,2005,3028,5,121,2005-05-01,,3028,22.461365
410,2005,3028,5,122,2005-05-02,,3028,34.67343
411,2005,3028,5,123,2005-05-03,,3028,29.175903
412,2005,3028,5,124,2005-05-04,,3028,-14.023346
413,2013,3028,4,118,2013-04-28,,3028,225.22266
414,2013,3028,4,119,2013-04-29,,3028,-117.69031
415,2013,3028,4,120,2013-04-30,,3028,-11.193878
416,2013,3028,5,121,2013-05-01,,3028,-2.6043396
417,2013,3028,5,122,2013-05-02,,3028,14.138336
418,2013,3028,5,123,2013-05-03,,3028,39.996857
419,2013,3028,5,124,2013-05-04,,3028,3.9094849
420,1989,3029,4,118,1989-04-28,,3029,58.37848
421,1989,3029,4,119,1989-04-29,,3029,-70.88211
422,1989,3029,4,120,1989-04-30,,3029,9.883423
423,1989,3029,5,121,1989-05-01,,3029,9.8517
424,1989,3029,5,122,1989-05-02,,3029,9.606964
425,1989,3029,5,123,1989-05-03,,3029,46.732224
426,1989,3029,5,124,1989-05-04,,3029,-10.757263
427,2003,3029,4,118,2003-04-28,,3029,127.91066
428,2003,3029,4,119,2003-04-29,,3029,-77.22322
429,2003,3029,4,120,2003-04-30,,3029,-37.940933
430,2003,3029,5,121,2003-05-01,,3029,-30.109375
431,2003,3029,5,122,2003-05-02,,3029,18.743591
432,2003,3029,5,123,2003-05-03,,3029,54.904358
433,2003,3029,5,124,2003-05-04,,3029,-18.859596
434,2005,3029,4,118,2005-04-28,,3029,352.6271
435,2005,3029,4,119,2005-04-29,,3029,-170.07504
436,2005,3029,4,120,2005-04-30,,3029,-27.516174
437,2005,3029,5,121,2005-05-01,,3029,-12.449829
438,2005,3029,5,122,2005-05-02,,3029,26.042206
439,2005,3029,5,123,2005-05-03,,3029,-29.05127
440,2005,3029,5,124,2005-05-04,,3029,-17.513641
441,2013,3029,4,118,2013-04-28,,3029,160.27997
442,2013,3029,4,119,2013-04-29,,3029,-98.31955
443,2013,3029,4,120,2013-04-30,,3029,-39.37068
444,2013,3029,5,121,2013-05-01,,3029,-14.289291
445,2013,3029,5,122,2013-05-02,,3029,9.712036
446,2013,3029,5,123,2013-05-03,,3029,-6.2252197
447,2013,3029,5,124,2013-05-04,,3029,56.24951
448,1989,3030,4,118,1989-04-28,,3030,71.73581
449,1989,3030,4,119,1989-04-29,,3030,38.253815
450,1989,3030,4,120,1989-04-30,,3030,5.6095886
451,1989,3030,5,121,1989-05-01,,3030,-1.0670471
452,1989,3030,5,122,1989-05-02,,3030,-31.833588
453,1989,3030,5,123,1989-05-03,,3030,106.9762
454,1989,3030,5,124,1989-05-04,,3030,-30.29837
455,2003,3030,4,118,2003-04-28,,3030,119.109436
456,2003,3030,4,119,2003-04-29,,3030,-84.519226
457,2003,3030,4,120,2003-04-30,,3030,25.060196
458,2003,3030,5,121,2003-05-01,,3030,44.996193
459,2003,3030,5,122,2003-05-02,,3030,14.881538
460,2003,3030,5,123,2003-05-03,,3030,66.60828
461,2003,3030,5,124,2003-05-04,,3030,-48.20636
462,2005,3030,4,118,2005-04-28,,3030,260.94928
463,2005,3030,4,119,2005-04-29,,3030,-139.51334
464,2005,3030,4,120,2005-04-30,,3030,7.2356567
465,2005,3030,5,121,2005-05-01,,3030,7.691803
466,2005,3030,5,122,2005-05-02,,3030,-0.57141113
467,2005,3030,5,123,2005-05-03,,3030,-16.228546
468,2005,3030,5,124,2005-05-04,,3030,-27.453766
469,2013,3030,4,118,2013-04-28,,3030,214.9012
470,2013,3030,4,119,2013-04-29,,3030,-84.56726
471,2013,3030,4,120,2013-04-30,,3030,-11.069199
472,2013,3030,5,121,2013-05-01,,3030,2.889267
473,2013,3030,5,122,2013-05-02,,3030,4.6617584
474,2013,3030,5,123,2013-05-03,,3030,-38.708344
475,2013,3030,5,124,2013-05-04,,3030,2.6467133
476,1989,3035,4,118,1989-04-28,,3035,42.762405
477,1989,3035,4,119,1989-04-29,,3035,-65.54892
478,1989,3035,4,120,1989-04-30,,3035,-19.932892
479,1989,3035,5,121,1989-05-01,,3035,11.083313
480,1989,3035,5,122,1989-05-02,,3035,-10.191925
481,1989,3035,5,123,1989-05-03,,3035,76.08746
482,1989,3035,5,124,1989-05-04,,3035,-21.98082
483,2003,3035,4,118,2003-04-28,,3035,201.16829
484,2003,3035,4,119,2003-04-29,,3035,-179.47275
485,2003,3035,4,120,2003-04-30,,3035,-49.168488
486,2003,3035,5,121,2003-05-01,,3035,-9.06105
487,2003,3035,5,122,2003-05-02,,3035,-4.6209564
488,2003,3035,5,123,2003-05-03,,3035,8.374588
489,2003,3035,5,124,2003-05-04,,3035,-6.0789948
490,2005,3035,4,118,2005-04-28,,3035,342.19305
491,2005,3035,4,119,2005-04-29,,3035,-206.40527
492,2005,3035,4,120,2005-04-30,,3035,-42.876984
493,2005,3035,5,121,2005-05-01,,3035,-45.607544
494,2005,3035,5,122,2005-05-02,,3035,-28.658005
495,2005,3035,5,123,2005-05-03,,3035,24.693817
496,2005,3035,5,124,2005-05-04,,3035,-58.699524
497,2013,3035,4,118,2013-04-28,,3035,273.1129
498,2013,3035,4,119,2013-04-29,,3035,-217.98257
499,2013,3035,4,120,2013-04-30,,3035,-48.230194
500,2013,3035,5,121,2013-05-01,,3035,-38.570374
501,2013,3035,5,122,2013-05-02,,3035,-9.208359
502,2013,3035,5,123,2013-05-03,,3035,9.860092
503,2013,3035,5,124,2013-05-04,,3035,18.4935
504,1989,3041,4,118,1989-04-28,,3041,-108.83966
505,1989,3041,4,119,1989-04-29,,3041,42.490845
506,1989,3041,4,120,1989-04-30,,3041,37.19536
507,1989,3041,5,121,1989-05-01,,3041,34.20723
508,1989,3041,5,122,1989-05-02,,3041,29.355133
509,1989,3041,5,123,1989-05-03,,3041,8.988037
510,1989,3041,5,124,1989-05-04,,3041,-7.1580505
511,2003,3041,4,118,2003-04-28,,3041,81.24577
512,2003,3041,4,119,2003-04-29,,3041,11.496979
513,2003,3041,4,120,2003-04-30,,3041,-14.19162
514,2003,3041,5,121,2003-05-01,,3041,11.083603
515,2003,3041,5,122,2003-05-02,,3041,-36.262848
516,2003,3041,5,123,2003-05-03,,3041,12.475571
517,2003,3041,5,124,2003-05-04,,3041,-7.6849365
518,2005,3041,4,118,2005-04-28,,3041,229.92099
519,2005,3041,4,119,2005-04-29,,3041,-108.384
520,2005,3041,4,120,2005-04-30,,3041,2.9151611
521,2005,3041,5,121,2005-05-01,,3041,1.725708
522,2005,3041,5,122,2005-05-02,,3041,-3.0696716
523,2005,3041,5,123,2005-05-03,,3041,-15.815033
524,2005,3041,5,124,2005-05-04,,3041,-52.304733
525,2013,3041,4,118,2013-04-28,,3041,264.4385
526,2013,3041,4,119,2013-04-29,,3041,-109.13159
527,2013,3041,4,120,2013-04-30,,3041,-14.419128
528,2013,3041,5,121,2013-05-01,,3041,-1.9698486
529,2013,3041,5,122,2013-05-02,,3041,-3.3882446
530,2013,3041,5,123,2013-05-03,,3041,2.2288818
531,2013,3041,5,124,2013-05-04,,3041,28.28244
532,1989,3045,4,118,1989-04-28,,3045,-143.37164
533,1989,3045,4,119,1989-04-29,,3045,178.76234
534,1989,3045,4,120,1989-04-30,,3045,41.73552
535,1989,3045,5,121,1989-05-01,,3045,31.625065
536,1989,3045,5,122,1989-05-02,,3045,40.514812
537,1989,3045,5,123,1989-05-03,,3045,-131.34026
538,1989,3045,5,124,1989-05-04,,3045,88.67047
539,2003,3045,4,118,2003-04-28,,3045,-31.891525
540,2003,3045,4,119,2003-04-29,,3045,30.13295
541,2003,3045,4,120,2003-04-30,,3045,26.74794
542,2003,3045,5,121,2003-05-01,,3045,-4.9277954
543,2003,3045,5,122,2003-05-02,,3045,52.33316
544,2003,3045,5,123,2003-05-03,,3045,43.090633
545,2003,3045,5,124,2003-05-04,,3045,-10.142002
546,2005,3045,4,118,2005-04-28,,3045,110.76341
547,2005,3045,4,119,2005-04-29,,3045,31.102146
548,2005,3045,4,120,2005-04-30,,3045,12.112076
549,2005,3045,5,121,2005-05-01,,3045,15.531982
550,2005,3045,5,122,2005-05-02,,3045,-9.617874
551,2005,3045,5,123,2005-05-03,,3045,-35.912605
552,2005,3045,5,124,2005-05-04,,3045,-8.592228
553,2013,3045,4,118,2013-04-28,,3045,53.017265
554,2013,3045,4,119,2013-04-29,,3045,21.655174
555,2013,3045,4,120,2013-04-30,,3045,44.02373
556,2013,3045,5,121,2013-05-01,,3045,27.910484
557,2013,3045,5,122,2013-05-02,,3045,17.867165
558,2013,3045,5,123,2013-05-03,,3045,39.271374
559,2013,3045,5,124,2013-05-04,,3045,-7.601654
560,1989,3050,4,118,1989-04-28,,3050,-98.95729
561,1989,3050,4,119,1989-04-29,,3050,54.788498
562,1989,3050,4,120,1989-04-30,,3050,32.90796
563,1989,3050,5,121,1989-05-01,,3050,24.048279
564,1989,3050,5,122,1989-05-02,,3050,3.8631897
565,1989,3050,5,123,1989-05-03,,3050,54.07306
566,1989,3050,5,124,1989-05-04,,3050,-7.0999756
567,2003,3050,4,118,2003-04-28,,3050,163.46326
568,2003,3050,4,119,2003-04-29,,3050,-130.01453
569,2003,3050,4,120,2003-04-30,,3050,-62.343506
570,2003,3050,5,121,2003-05-01,,3050,12.140961
571,2003,3050,5,122,2003-05-02,,3050,-11.412247
572,2003,3050,5,123,2003-05-03,,3050,33.12738
573,2003,3050,5,124,2003-05-04,,3050,-17.010803
574,2005,3050,4,118,2005-04-28,,3050,278.3462
575,2005,3050,4,119,2005-04-29,,3050,-208.8851
576,2005,3050,4,120,2005-04-30,,3050,-38.41507
577,2005,3050,5,121,2005-05-01,,3050,-9.707062
578,2005,3050,5,122,2005-05-02,,3050,7.944214
579,2005,3050,5,123,2005-05-03,,3050,-24.396942
580,2005,3050,5,124,2005-05-04,,3050,4.829956
581,2013,3050,4,118,2013-04-28,,3050,282.06
582,2013,3050,4,119,2013-04-29,,3050,-103.000916
583,2013,3050,4,120,2013-04-30,,3050,-32.847046
584,2013,3050,5,121,2013-05-01,,3050,-48.796143
585,2013,3050,5,122,2013-05-02,,3050,-34.887665
586,2013,3050,5,123,2013-05-03,,3050,-11.515533
587,2013,3050,5,124,2013-05-04,,3050,23.248322
588,1989,3230,4,118,1989-04-28,,3230,110.335815
589,1989,3230,4,119,1989-04-29,,3230,-87.36435
590,1989,3230,4,120,1989-04-30,,3230,20.48291
591,1989,3230,5,121,1989-05-01,,3230,24.367126
592,1989,3230,5,122,1989-05-02,,3230,36.39514
593,1989,3230,5,123,1989-05-03,,3230,-85.38257
594,1989,3230,5,124,1989-05-04,,3230,44.320435
595,2003,3230,4,118,2003-04-28,,3230,70.61194
596,2003,3230,4,119,2003-04-29,,3230,-66.19148
597,2003,3230,4,120,2003-04-30,,3230,13.552307
598,2003,3230,5,121,2003-05-01,,3230,12.7155
599,2003,3230,5,122,2003-05-02,,3230,28.898743
600,2003,3230,5,123,2003-05-03,,3230,43.589905
601,2003,3230,5,124,2003-05-04,,3230,-6.7880554
602,2005,3230,4,118,2005-04-28,,3230,210.85843
603,2005,3230,4,119,2005-04-29,,3230,-146.20062
604,2005,3230,4,120,2005-04-30,,3230,3.1195984
605,2005,3230,5,121,2005-05-01,,3230,-6.3583374
606,2005,3230,5,122,2005-05-02,,3230,9.575867
607,2005,3230,5,123,2005-05-03,,3230,31.606476
608,2005,3230,5,124,2005-05-04,,3230,-24.246521
609,2013,3230,4,118,2013-04-28,,3230,257.53995
610,2013,3230,4,119,2013-04-29,,3230,-111.78473
611,2013,3230,4,120,2013-04-30,,3230,2.9656372
612,2013,3230,5,121,2013-05-01,,3230,24.498291
613,2013,3230,5,122,2013-05-02,,3230,20.866028
614,2013,3230,5,123,2013-05-03,,3230,32.25363
615,2013,3230,5,124,2013-05-04,,3230,14.418854
616,1993,3019,5,125,1993-05-05,,3019,
617,1993,3019,5,126,1993-05-06,,3019,
618,1993,3019,5,127,1993-05-07,,3019,
619,1993,3019,5,128,1993-05-08,,3019,
620,1993,3019,5,129,1993-05-09,,3019,
621,1993,3019,5,130,1993-05-10,,3019,
622,1993,3019,5,131,1993-05-11,,3019,
623,1997,3019,5,125,1997-05-05,,3019,
624,1997,3019,5,126,1997-05-06,,3019,
625,1997,3019,5,127,1997-05-07,,3019,
626,1997,3019,5,128,1997-05-08,,3019,
627,1997,3019,5,129,1997-05-09,,3019,
628,1997,3019,5,130,1997-05-10,,3019,
629,1997,3019,5,131,1997-05-11,,3019,
630,2001,3019,5,125,2001-05-05,,3019,
631,2001,3019,5,126,2001-05-06,,3019,
632,2001,3019,5,127,2001-05-07,,3019,
633,2001,3019,5,128,2001-05-08,,3019,
634,2001,3019,5,129,2001-05-09,,3019,
635,2001,3019,5,130,2001-05-10,,3019,
636,2001,3019,5,131,2001-05-11,,3019,
637,2012,3019,5,126,2012-05-05,,3019,
638,2012,3019,5,127,2012-05-06,,3019,
639,2012,3019,5,128,2012-05-07,,3019,
640,2012,3019,5,129,2012-05-08,,3019,
641,2012,3019,5,130,2012-05-09,,3019,
642,2012,3019,5,131,2012-05-10,,3019,
643,2012,3019,5,132,2012-05-11,,3019,
644,1993,3027,5,125,1993-05-05,,3027,
645,1993,3027,5,126,1993-05-06,,3027,
646,1993,3027,5,127,1993-05-07,,3027,
647,1993,3027,5,128,1993-05-08,,3027,
648,1993,3027,5,129,1993-05-09,,3027,
649,1993,3027,5,130,1993-05-10,,3027,
650,1993,3027,5,131,1993-05-11,,3027,
651,1997,3027,5,125,1997-05-05,,3027,
652,1997,3027,5,126,1997-05-06,,3027,
653,1997,3027,5,127,1997-05-07,,3027,
654,1997,3027,5,128,1997-05-08,,3027,
655,1997,3027,5,129,1997-05-09,,3027,
656,1997,3027,5,130,1997-05-10,,3027,
657,1997,3027,5,131,1997-05-11,,3027,
658,2001,3027,5,125,2001-05-05,,3027,
659,2001,3027,5,126,2001-05-06,,3027,
660,2001,3027,5,127,2001-05-07,,3027,
661,2001,3027,5,128,2001-05-08,,3027,
662,2001,3027,5,129,2001-05-09,,3027,
663,2001,3027,5,130,2001-05-10,,3027,
664,2001,3027,5,131,2001-05-11,,3027,
665,2004,3027,5,126,2004-05-05,,3027,
666,2004,3027,5,127,2004-05-06,,3027,
667,2004,3027,5,128,2004-05-07,,3027,
668,2004,3027,5,129,2004-05-08,,3027,
669,2004,3027,5,130,2004-05-09,,3027,
670,2004,3027,5,131,2004-05-10,,3027,
671,2004,3027,5,132,2004-05-11,,3027,
672,2012,3027,5,126,2012-05-05,,3027,
673,2012,3027,5,127,2012-05-06,,3027,
674,2012,3027,5,128,2012-05-07,,3027,
675,2012,3027,5,129,2012-05-08,,3027,
676,2012,3027,5,130,2012-05-09,,3027,
677,2012,3027,5,131,2012-05-10,,3027,
678,2012,3027,5,132,2012-05-11,,3027,
679,1993,3028,5,125,1993-05-05,,3028,
680,1993,3028,5,126,1993-05-06,,3028,
681,1993,3028,5,127,1993-05-07,,3028,
682,1993,3028,5,128,1993-05-08,,3028,
683,1993,3028,5,129,1993-05-09,,3028,
684,1993,3028,5,130,1993-05-10,,3028,
685,1993,3028,5,131,1993-05-11,,3028,
686,1997,3028,5,125,1997-05-05,,3028,
687,1997,3028,5,126,1997-05-06,,3028,
688,1997,3028,5,127,1997-05-07,,3028,
689,1997,3028,5,128,1997-05-08,,3028,
690,1997,3028,5,129,1997-05-09,,3028,
691,1997,3028,5,130,1997-05-10,,3028,
692,1997,3028,5,131,1997-05-11,,3028,
693,2001,3028,5,125,2001-05-05,,3028,
694,2001,3028,5,126,2001-05-06,,3028,
695,2001,3028,5,127,2001-05-07,,3028,
696,2001,3028,5,128,2001-05-08,,3028,
697,2001,3028,5,129,2001-05-09,,3028,
698,2001,3028,5,130,2001-05-10,,3028,
699,2001,3028,5,131,2001-05-11,,3028,
700,2004,3028,5,126,2004-05-05,,3028,
701,2004,3028,5,127,2004-05-06,,3028,
702,2004,3028,5,128,2004-05-07,,3028,
703,2004,3028,5,129,2004-05-08,,3028,
704,2004,3028,5,130,2004-05-09,,3028,
705,2004,3028,5,131,2004-05-10,,3028,
706,2004,3028,5,132,2004-05-11,,3028,
707,2012,3028,5,126,2012-05-05,,3028,
708,2012,3028,5,127,2012-05-06,,3028,
709,2012,3028,5,128,2012-05-07,,3028,
710,2012,3028,5,129,2012-05-08,,3028,
711,2012,3028,5,130,2012-05-09,,3028,
712,2012,3028,5,131,2012-05-10,,3028,
713,2012,3028,5,132,2012-05-11,,3028,
714,1993,3029,5,125,1993-05-05,,3029,
715,1993,3029,5,126,1993-05-06,,3029,
716,1993,3029,5,127,1993-05-07,,3029,
717,1993,3029,5,128,1993-05-08,,3029,
718,1993,3029,5,129,1993-05-09,,3029,
719,1993,3029,5,130,1993-05-10,,3029,
720,1993,3029,5,131,1993-05-11,,3029,
721,1997,3029,5,125,1997-05-05,,3029,
722,1997,3029,5,126,1997-05-06,,3029,
723,1997,3029,5,127,1997-05-07,,3029,
724,1997,3029,5,128,1997-05-08,,3029,
725,1997,3029,5,129,1997-05-09,,3029,
726,1997,3029,5,130,1997-05-10,,3029,
727,1997,3029,5,131,1997-05-11,,3029,
728,2001,3029,5,125,2001-05-05,,3029,
729,2001,3029,5,126,2001-05-06,,3029,
730,2001,3029,5,127,2001-05-07,,3029,
731,2001,3029,5,128,2001-05-08,,3029,
732,2001,3029,5,129,2001-05-09,,3029,
733,2001,3029,5,130,2001-05-10,,3029,
734,2001,3029,5,131,2001-05-11,,3029,
735,2004,3029,5,126,2004-05-05,,3029,
736,2004,3029,5,127,2004-05-06,,3029,
737,2004,3029,5,128,2004-05-07,,3029,
738,2004,3029,5,129,2004-05-08,,3029,
739,2004,3029,5,130,2004-05-09,,3029,
740,2004,3029,5,131,2004-05-10,,3029,
741,2004,3029,5,132,2004-05-11,,3029,
742,2012,3029,5,126,2012-05-05,,3029,
743,2012,3029,5,127,2012-05-06,,3029,
744,2012,3029,5,128,2012-05-07,,3029,
745,2012,3029,5,129,2012-05-08,,3029,
746,2012,3029,5,130,2012-05-09,,3029,
747,2012,3029,5,131,2012-05-10,,3029,
748,2012,3029,5,132,2012-05-11,,3029,
749,1993,3030,5,125,1993-05-05,,3030,
750,1993,3030,5,126,1993-05-06,,3030,
751,1993,3030,5,127,1993-05-07,,3030,
752,1993,3030,5,128,1993-05-08,,3030,
753,1993,3030,5,129,1993-05-09,,3030,
754,1993,3030,5,130,1993-05-10,,3030,
755,1993,3030,5,131,1993-05-11,,3030,
756,1997,3030,5,125,1997-05-05,,3030,
757,1997,3030,5,126,1997-05-06,,3030,
758,1997,3030,5,127,1997-05-07,,3030,
759,1997,3030,5,128,1997-05-08,,3030,
760,1997,3030,5,129,1997-05-09,,3030,
761,1997,3030,5,130,1997-05-10,,3030,
762,1997,3030,5,131,1997-05-11,,3030,
763,2001,3030,5,125,2001-05-05,,3030,
764,2001,3030,5,126,2001-05-06,,3030,
765,2001,3030,5,127,2001-05-07,,3030,
766,2001,3030,5,128,2001-05-08,,3030,
767,2001,3030,5,129,2001-05-09,,3030,
768,2001,3030,5,130,2001-05-10,,3030,
769,2001,3030,5,131,2001-05-11,,3030,
770,2004,3030,5,126,2004-05-05,,3030,
771,2004,3030,5,127,2004-05-06,,3030,
772,2004,3030,5,128,2004-05-07,,3030,
773,2004,3030,5,129,2004-05-08,,3030,
774,2004,3030,5,130,2004-05-09,,3030,
775,2004,3030,5,131,2004-05-10,,3030,
776,2004,3030,5,132,2004-05-11,,3030,
777,2012,3030,5,126,2012-05-05,,3030,
778,2012,3030,5,127,2012-05-06,,3030,
779,2012,3030,5,128,2012-05-07,,3030,
780,2012,3030,5,129,2012-05-08,,3030,
781,2012,3030,5,130,2012-05-09,,3030,
782,2012,3030,5,131,2012-05-10,,3030,
783,2012,3030,5,132,2012-05-11,,3030,
784,1993,3035,5,125,1993-05-05,,3035,
785,1993,3035,5,126,1993-05-06,,3035,
786,1993,3035,5,127,1993-05-07,,3035,
787,1993,3035,5,128,1993-05-08,,3035,
788,1993,3035,5,129,1993-05-09,,3035,
789,1993,3035,5,130,1993-05-10,,3035,
790,1993,3035,5,131,1993-05-11,,3035,
791,1997,3035,5,125,1997-05-05,,3035,
792,1997,3035,5,126,1997-05-06,,3035,
793,1997,3035,5,127,1997-05-07,,3035,
794,1997,3035,5,128,1997-05-08,,3035,
795,1997,3035,5,129,1997-05-09,,3035,
796,1997,3035,5,130,1997-05-10,,3035,
797,1997,3035,5,131,1997-05-11,,3035,
798,2001,3035,5,125,2001-05-05,,3035,
799,2001,3035,5,126,2001-05-06,,3035,
800,2001,3035,5,127,2001-05-07,,3035,
801,2001,3035,5,128,2001-05-08,,3035,
802,2001,3035,5,129,2001-05-09,,3035,
803,2001,3035,5,130,2001-05-10,,3035,
804,2001,3035,5,131,2001-05-11,,3035,
805,2004,3035,5,126,2004-05-05,,3035,
806,2004,3035,5,127,2004-05-06,,3035,
807,2004,3035,5,128,2004-05-07,,3035,
808,2004,3035,5,129,2004-05-08,,3035,
809,2004,3035,5,130,2004-05-09,,3035,
810,2004,3035,5,131,2004-05-10,,3035,
811,2004,3035,5,132,2004-05-11,,3035,
812,2012,3035,5,126,2012-05-05,,3035,
813,2012,3035,5,127,2012-05-06,,3035,
814,2012,3035,5,128,2012-05-07,,3035,
815,2012,3035,5,129,2012-05-08,,3035,
816,2012,3035,5,130,2012-05-09,,3035,
817,2012,3035,5,131,2012-05-10,,3035,
818,2012,3035,5,132,2012-05-11,,3035,
819,1993,3041,5,125,1993-05-05,,3041,
820,1993,3041,5,126,1993-05-06,,3041,
821,1993,3041,5,127,1993-05-07,,3041,
822,1993,3041,5,128,1993-05-08,,3041,
823,1993,3041,5,129,1993-05-09,,3041,
824,1993,3041,5,130,1993-05-10,,3041,
825,1993,3041,5,131,1993-05-11,,3041,
826,1997,3041,5,125,1997-05-05,,3041,
827,1997,3041,5,126,1997-05-06,,3041,
828,1997,3041,5,127,1997-05-07,,3041,
829,1997,3041,5,128,1997-05-08,,3041,
830,1997,3041,5,129,1997-05-09,,3041,
831,1997,3041,5,130,1997-05-10,,3041,
832,1997,3041,5,131,1997-05-11,,3041,
833,2001,3041,5,125,2001-05-05,,3041,
834,2001,3041,5,126,2001-05-06,,3041,
835,2001,3041,5,127,2001-05-07,,3041,
836,2001,3041,5,128,2001-05-08,,3041,
837,2001,3041,5,129,2001-05-09,,3041,
838,2001,3041,5,130,2001-05-10,,3041,
839,2001,3041,5,131,2001-05-11,,3041,
840,2004,3041,5,126,2004-05-05,,3041,
841,2004,3041,5,127,2004-05-06,,3041,
842,2004,3041,5,128,2004-05-07,,3041,
843,2004,3041,5,129,2004-05-08,,3041,
844,2004,3041,5,130,2004-05-09,,3041,
845,2004,3041,5,131,2004-05-10,,3041,
846,2004,3041,5,132,2004-05-11,,3041,
847,2012,3041,5,126,2012-05-05,,3041,
848,2012,3041,5,127,2012-05-06,,3041,
849,2012,3041,5,128,2012-05-07,,3041,
850,2012,3041,5,129,2012-05-08,,3041,
851,2012,3041,5,130,2012-05-09,,3041,
852,2012,3041,5,131,2012-05-10,,3041,
853,2012,3041,5,132,2012-05-11,,3041,
854,1993,3045,5,125,1993-05-05,,3045,
855,1993,3045,5,126,1993-05-06,,3045,
856,1993,3045,5,127,1993-05-07,,3045,
857,1993,3045,5,128,1993-05-08,,3045,
858,1993,3045,5,129,1993-05-09,,3045,
859,1993,3045,5,130,1993-05-10,,3045,
860,1993,3045,5,131,1993-05-11,,3045,
861,1997,3045,5,125,1997-05-05,,3045,
862,1997,3045,5,126,1997-05-06,,3045,
863,1997,3045,5,127,1997-05-07,,3045,
864,1997,3045,5,128,1997-05-08,,3045,
865,1997,3045,5,129,1997-05-09,,3045,
866,1997,3045,5,130,1997-05-10,,3045,
867,1997,3045,5,131,1997-05-11,,3045,
868,2001,3045,5,125,2001-05-05,,3045,
869,2001,3045,5,126,2001-05-06,,3045,
870,2001,3045,5,127,2001-05-07,,3045,
871,2001,3045,5,128,2001-05-08,,3045,
872,2001,3045,5,129,2001-05-09,,3045,
873,2001,3045,5,130,2001-05-10,,3045,
874,2001,3045,5,131,2001-05-11,,3045,
875,2004,3045,5,126,2004-05-05,,3045,
876,2004,3045,5,127,2004-05-06,,3045,
877,2004,3045,5,128,2004-05-07,,3045,
878,2004,3045,5,129,2004-05-08,,3045,
879,2004,3045,5,130,2004-05-09,,3045,
880,2004,3045,5,131,2004-05-10,,3045,
881,2004,3045,5,132,2004-05-11,,3045,
882,2012,3045,5,126,2012-05-05,,3045,
883,2012,3045,5,127,2012-05-06,,3045,
884,2012,3045,5,128,2012-05-07,,3045,
885,2012,3045,5,129,2012-05-08,,3045,
886,2012,3045,5,130,2012-05-09,,3045,
887,2012,3045,5,131,2012-05-10,,3045,
888,2012,3045,5,132,2012-05-11,,3045,
889,1993,3050,5,125,1993-05-05,,3050,
890,1993,3050,5,126,1993-05-06,,3050,
891,1993,3050,5,127,1993-05-07,,3050,
892,1993,3050,5,128,1993-05-08,,3050,
893,1993,3050,5,129,1993-05-09,,3050,
894,1993,3050,5,130,1993-05-10,,3050,
895,1993,3050,5,131,1993-05-11,,3050,
896,1997,3050,5,125,1997-05-05,,3050,
897,1997,3050,5,126,1997-05-06,,3050,
898,1997,3050,5,127,1997-05-07,,3050,
899,1997,3050,5,128,1997-05-08,,3050,
900,1997,3050,5,129,1997-05-09,,3050,
901,1997,3050,5,130,1997-05-10,,3050,
902,1997,3050,5,131,1997-05-11,,3050,
903,2001,3050,5,125,2001-05-05,,3050,
904,2001,3050,5,126,2001-05-06,,3050,
905,2001,3050,5,127,2001-05-07,,3050,
906,2001,3050,5,128,2001-05-08,,3050,
907,2001,3050,5,129,2001-05-09,,3050,
908,2001,3050,5,130,2001-05-10,,3050,
909,2001,3050,5,131,2001-05-11,,3050,
910,2004,3050,5,126,2004-05-05,,3050,
911,2004,3050,5,127,2004-05-06,,3050,
912,2004,3050,5,128,2004-05-07,,3050,
913,2004,3050,5,129,2004-05-08,,3050,
914,2004,3050,5,130,2004-05-09,,3050,
915,2004,3050,5,131,2004-05-10,,3050,
916,2004,3050,5,132,2004-05-11,,3050,
917,2012,3050,5,126,2012-05-05,,3050,
918,2012,3050,5,127,2012-05-06,,3050,
919,2012,3050,5,128,2012-05-07,,3050,
920,2012,3050,5,129,2012-05-08,,3050,
921,2012,3050,5,130,2012-05-09,,3050,
922,2012,3050,5,131,2012-05-10,,3050,
923,2012,3050,5,132,2012-05-11,,3050,
924,1993,3230,5,125,1993-05-05,,3230,
925,1993,3230,5,126,1993-05-06,,3230,
926,1993,3230,5,127,1993-05-07,,3230,
927,1993,3230,5,128,1993-05-08,,3230,
928,1993,3230,5,129,1993-05-09,,3230,
929,1993,3230,5,130,1993-05-10,,3230,
930,1993,3230,5,131,1993-05-11,,3230,
931,1997,3230,5,125,1997-05-05,,3230,
932,1997,3230,5,126,1997-05-06,,3230,
933,1997,3230,5,127,1997-05-07,,3230,
934,1997,3230,5,128,1997-05-08,,3230,
935,1997,3230,5,129,1997-05-09,,3230,
936,1997,3230,5,130,1997-05-10,,3230,
937,1997,3230,5,131,1997-05-11,,3230,
938,2001,3230,5,125,2001-05-05,,3230,
939,2001,3230,5,126,2001-05-06,,3230,
940,2001,3230,5,127,2001-05-07,,3230,
941,2001,3230,5,128,2001-05-08,,3230,
942,2001,3230,5,129,2001-05-09,,3230,
943,2001,3230,5,130,2001-05-10,,3230,
944,2001,3230,5,131,2001-05-11,,3230,
945,2004,3230,5,126,2004-05-05,,3230,
946,2004,3230,5,127,2004-05-06,,3230,
947,2004,3230,5,128,2004-05-07,,3230,
948,2004,3230,5,129,2004-05-08,,3230,
949,2004,3230,5,130,2004-05-09,,3230,
950,2004,3230,5,131,2004-05-10,,3230,
951,2004,3230,5,132,2004-05-11,,3230,
952,2012,3230,5,126,2012-05-05,,3230,
953,2012,3230,5,127,2012-05-06,,3230,
954,2012,3230,5,128,2012-05-07,,3230,
955,2012,3230,5,129,2012-05-08,,3230,
956,2012,3230,5,130,2012-05-09,,3230,
957,2012,3230,5,131,2012-05-10,,3230,
958,2012,3230,5,132,2012-05-11,,3230,
959,1989,3019,5,132,1989-05-12,,3019,
960,1989,3019,5,133,1989-05-13,,3019,
961,1989,3019,5,134,1989-05-14,,3019,
962,1989,3019,5,135,1989-05-15,,3019,
963,1989,3019,5,136,1989-05-16,,3019,
964,1989,3019,5,137,1989-05-17,,3019,
965,1989,3019,5,138,1989-05-18,,3019,
966,2003,3019,5,132,2003-05-12,,3019,
967,2003,3019,5,133,2003-05-13,,3019,
968,2003,3019,5,134,2003-05-14,,3019,
969,2003,3019,5,135,2003-05-15,,3019,
970,2003,3019,5,136,2003-05-16,,3019,
971,2003,3019,5,137,2003-05-17,,3019,
972,2003,3019,5,138,2003-05-18,,3019,
973,2005,3019,5,132,2005-05-12,,3019,
974,2005,3019,5,133,2005-05-13,,3019,
975,2005,3019,5,134,2005-05-14,,3019,
976,2005,3019,5,135,2005-05-15,,3019,
977,2005,3019,5,136,2005-05-16,,3019,
978,2005,3019,5,137,2005-05-17,,3019,
979,2005,3019,5,138,2005-05-18,,3019,
980,2013,3019,5,132,2013-05-12,,3019,
981,2013,3019,5,133,2013-05-13,,3019,
982,2013,3019,5,134,2013-05-14,,3019,
983,2013,3019,5,135,2013-05-15,,3019,
984,2013,3019,5,136,2013-05-16,,3019,
985,2013,3019,5,137,2013-05-17,,3019,
986,2013,3019,5,138,2013-05-18,,3019,
987,1989,3027,5,132,1989-05-12,,3027,
988,1989,3027,5,133,1989-05-13,,3027,
989,1989,3027,5,134,1989-05-14,,3027,
990,1989,3027,5,135,1989-05-15,,3027,
991,1989,3027,5,136,1989-05-16,,3027,
992,1989,3027,5,137,1989-05-17,,3027,
993,1989,3027,5,138,1989-05-18,,3027,
994,2003,3027,5,132,2003-05-12,,3027,
995,2003,3027,5,133,2003-05-13,,3027,
996,2003,3027,5,134,2003-05-14,,3027,
997,2003,3027,5,135,2003-05-15,,3027,
998,2003,3027,5,136,2003-05-16,,3027,
999,2003,3027,5,137,2003-05-17,,3027,
1000,2003,3027,5,138,2003-05-18,,3027,
1001,2005,3027,5,132,2005-05-12,,3027,
1002,2005,3027,5,133,2005-05-13,,3027,
1003,2005,3027,5,134,2005-05-14,,3027,
1004,2005,3027,5,135,2005-05-15,,3027,
1005,2005,3027,5,136,2005-05-16,,3027,
1006,2005,3027,5,137,2005-05-17,,3027,
1007,2005,3027,5,138,2005-05-18,,3027,
1008,2013,3027,5,132,2013-05-12,,3027,
1009,2013,3027,5,133,2013-05-13,,3027,
1010,2013,3027,5,134,2013-05-14,,3027,
1011,2013,3027,5,135,2013-05-15,,3027,
1012,2013,3027,5,136,2013-05-16,,3027,
1013,2013,3027,5,137,2013-05-17,,3027,
1014,2013,3027,5,138,2013-05-18,,3027,
1015,1989,3028,5,132,1989-05-12,,3028,
1016,1989,3028,5,133,1989-05-13,,3028,
1017,1989,3028,5,134,1989-05-14,,3028,
1018,1989,3028,5,135,1989-05-15,,3028,
1019,1989,3028,5,136,1989-05-16,,3028,
1020,1989,3028,5,137,1989-05-17,,3028,
1021,1989,3028,5,138,1989-05-18,,3028,
1022,2003,3028,5,132,2003-05-12,,3028,
1023,2003,3028,5,133,2003-05-13,,3028,
1024,2003,3028,5,134,2003-05-14,,3028,
1025,2003,3028,5,135,2003-05-15,,3028,
1026,2003,3028,5,136,2003-05-16,,3028,
1027,2003,3028,5,137,2003-05-17,,3028,
1028,2003,3028,5,138,2003-05-18,,3028,
1029,2005,3028,5,132,2005-05-12,,3028,
1030,2005,3028,5,133,2005-05-13,,3028,
1031,2005,3028,5,134,2005-05-14,,3028,
1032,2005,3028,5,135,2005-05-15,,3028,
1033,2005,3028,5,136,2005-05-16,,3028,
1034,2005,3028,5,137,2005-05-17,,3028,
1035,2005,3028,5,138,2005-05-18,,3028,
1036,2013,3028,5,132,2013-05-12,,3028,
1037,2013,3028,5,133,2013-05-13,,3028,
1038,2013,3028,5,134,2013-05-14,,3028,
1039,2013,3028,5,135,2013-05-15,,3028,
1040,2013,3028,5,136,2013-05-16,,3028,
1041,2013,3028,5,137,2013-05-17,,3028,
1042,2013,3028,5,138,2013-05-18,,3028,
1043,1989,3029,5,132,1989-05-12,,3029,
1044,1989,3029,5,133,1989-05-13,,3029,
1045,1989,3029,5,134,1989-05-14,,3029,
1046,1989,3029,5,135,1989-05-15,,3029,
1047,1989,3029,5,136,1989-05-16,,3029,
1048,1989,3029,5,137,1989-05-17,,3029,
1049,1989,3029,5,138,1989-05-18,,3029,
1050,2003,3029,5,132,2003-05-12,,3029,
1051,2003,3029,5,133,2003-05-13,,3029,
1052,2003,3029,5,134,2003-05-14,,3029,
1053,2003,3029,5,135,2003-05-15,,3029,
1054,2003,3029,5,136,2003-05-16,,3029,
1055,2003,3029,5,137,2003-05-17,,3029,
1056,2003,3029,5,138,2003-05-18,,3029,
1057,2005,3029,5,132,2005-05-12,,3029,
1058,2005,3029,5,133,2005-05-13,,3029,
1059,2005,3029,5,134,2005-05-14,,3029,
1060,2005,3029,5,135,2005-05-15,,3029,
1061,2005,3029,5,136,2005-05-16,,3029,
1062,2005,3029,5,137,2005-05-17,,3029,
1063,2005,3029,5,138,2005-05-18,,3029,
1064,2013,3029,5,132,2013-05-12,,3029,
1065,2013,3029,5,133,2013-05-13,,3029,
1066,2013,3029,5,134,2013-05-14,,3029,
1067,2013,3029,5,135,2013-05-15,,3029,
1068,2013,3029,5,136,2013-05-16,,3029,
1069,2013,3029,5,137,2013-05-17,,3029,
1070,2013,3029,5,138,2013-05-18,,3029,
1071,1989,3030,5,132,1989-05-12,,3030,
1072,1989,3030,5,133,1989-05-13,,3030,
1073,1989,3030,5,134,1989-05-14,,3030,
1074,1989,3030,5,135,1989-05-15,,3030,
1075,1989,3030,5,136,1989-05-16,,3030,
1076,1989,3030,5,137,1989-05-17,,3030,
1077,1989,3030,5,138,1989-05-18,,3030,
1078,2003,3030,5,132,2003-05-12,,3030,
1079,2003,3030,5,133,2003-05-13,,3030,
1080,2003,3030,5,134,2003-05-14,,3030,
1081,2003,3030,5,135,2003-05-15,,3030,
1082,2003,3030,5,136,2003-05-16,,3030,
1083,2003,3030,5,137,2003-05-17,,3030,
1084,2003,3030,5,138,2003-05-18,,3030,
1085,2005,3030,5,132,2005-05-12,,3030,
1086,2005,3030,5,133,2005-05-13,,3030,
1087,2005,3030,5,134,2005-05-14,,3030,
1088,2005,3030,5,135,2005-05-15,,3030,
1089,2005,3030,5,136,2005-05-16,,3030,
1090,2005,3030,5,137,2005-05-17,,3030,
1091,2005,3030,5,138,2005-05-18,,3030,
1092,2013,3030,5,132,2013-05-12,,3030,
1093,2013,3030,5,133,2013-05-13,,3030,
1094,2013,3030,5,134,2013-05-14,,3030,
1095,2013,3030,5,135,2013-05-15,,3030,
1096,2013,3030,5,136,2013-05-16,,3030,
1097,2013,3030,5,137,2013-05-17,,3030,
1098,2013,3030,5,138,2013-05-18,,3030,
1099,1989,3035,5,132,1989-05-12,,3035,
1100,1989,3035,5,133,1989-05-13,,3035,
1101,1989,3035,5,134,1989-05-14,,3035,
1102,1989,3035,5,135,1989-05-15,,3035,
1103,1989,3035,5,136,1989-05-16,,3035,
1104,1989,3035,5,137,1989-05-17,,3035,
1105,1989,3035,5,138,1989-05-18,,3035,
1106,2003,3035,5,132,2003-05-12,,3035,
1107,2003,3035,5,133,2003-05-13,,3035,
1108,2003,3035,5,134,2003-05-14,,3035,
1109,2003,3035,5,135,2003-05-15,,3035,
1110,2003,3035,5,136,2003-05-16,,3035,
1111,2003,3035,5,137,2003-05-17,,3035,
1112,2003,3035,5,138,2003-05-18,,3035,
1113,2005,3035,5,132,2005-05-12,,3035,
1114,2005,3035,5,133,2005-05-13,,3035,
1115,2005,3035,5,134,2005-05-14,,3035,
1116,2005,3035,5,135,2005-05-15,,3035,
1117,2005,3035,5,136,2005-05-16,,3035,
1118,2005,3035,5,137,2005-05-17,,3035,
1119,2005,3035,5,138,2005-05-18,,3035,
1120,2013,3035,5,132,2013-05-12,,3035,
1121,2013,3035,5,133,2013-05-13,,3035,
1122,2013,3035,5,134,2013-05-14,,3035,
1123,2013,3035,5,135,2013-05-15,,3035,
1124,2013,3035,5,136,2013-05-16,,3035,
1125,2013,3035,5,137,2013-05-17,,3035,
1126,2013,3035,5,138,2013-05-18,,3035,
1127,1989,3041,5,132,1989-05-12,,3041,
1128,1989,3041,5,133,1989-05-13,,3041,
1129,1989,3041,5,134,1989-05-14,,3041,
1130,1989,3041,5,135,1989-05-15,,3041,
1131,1989,3041,5,136,1989-05-16,,3041,
1132,1989,3041,5,137,1989-05-17,,3041,
1133,1989,3041,5,138,1989-05-18,,3041,
1134,2003,3041,5,132,2003-05-12,,3041,
1135,2003,3041,5,133,2003-05-13,,3041,
1136,2003,3041,5,134,2003-05-14,,3041,
1137,2003,3041,5,135,2003-05-15,,3041,
1138,2003,3041,5,136,2003-05-16,,3041,
1139,2003,3041,5,137,2003-05-17,,3041,
1140,2003,3041,5,138,2003-05-18,,3041,
1141,2005,3041,5,132,2005-05-12,,3041,
1142,2005,3041,5,133,2005-05-13,,3041,
1143,2005,3041,5,134,2005-05-14,,3041,
1144,2005,3041,5,135,2005-05-15,,3041,
1145,2005,3041,5,136,2005-05-16,,3041,
1146,2005,3041,5,137,2005-05-17,,3041,
1147,2005,3041,5,138,2005-05-18,,3041,
1148,2013,3041,5,132,2013-05-12,,3041,
1149,2013,3041,5,133,2013-05-13,,3041,
1150,2013,3041,5,134,2013-05-14,,3041,
1151,2013,3041,5,135,2013-05-15,,3041,
1152,2013,3041,5,136,2013-05-16,,3041,
1153,2013,3041,5,137,2013-05-17,,3041,
1154,2013,3041,5,138,2013-05-18,,3041,
1155,1989,3045,5,132,1989-05-12,,3045,
1156,1989,3045,5,133,1989-05-13,,3045,
1157,1989,3045,5,134,1989-05-14,,3045,
1158,1989,3045,5,135,1989-05-15,,3045,
1159,1989,3045,5,136,1989-05-16,,3045,
1160,1989,3045,5,137,1989-05-17,,3045,
1161,1989,3045,5,138,1989-05-18,,3045,
1162,2003,3045,5,132,2003-05-12,,3045,
1163,2003,3045,5,133,2003-05-13,,3045,
1164,2003,3045,5,134,2003-05-14,,3045,
1165,2003,3045,5,135,2003-05-15,,3045,
1166,2003,3045,5,136,2003-05-16,,3045,
1167,2003,3045,5,137,2003-05-17,,3045,
1168,2003,3045,5,138,2003-05-18,,3045,
1169,2005,3045,5,132,2005-05-12,,3045,
1170,2005,3045,5,133,2005-05-13,,3045,
1171,2005,3045,5,134,2005-05-14,,3045,
1172,2005,3045,5,135,2005-05-15,,3045,
1173,2005,3045,5,136,2005-05-16,,3045,
1174,2005,3045,5,137,2005-05-17,,3045,
1175,2005,3045,5,138,2005-05-18,,3045,
1176,2013,3045,5,132,2013-05-12,,3045,
1177,2013,3045,5,133,2013-05-13,,3045,
1178,2013,3045,5,134,2013-05-14,,3045,
1179,2013,3045,5,135,2013-05-15,,3045,
1180,2013,3045,5,136,2013-05-16,,3045,
1181,2013,3045,5,137,2013-05-17,,3045,
1182,2013,3045,5,138,2013-05-18,,3045,
1183,1989,3050,5,132,1989-05-12,,3050,
1184,1989,3050,5,133,1989-05-13,,3050,
1185,1989,3050,5,134,1989-05-14,,3050,
1186,1989,3050,5,135,1989-05-15,,3050,
1187,1989,3050,5,136,1989-05-16,,3050,
1188,1989,3050,5,137,1989-05-17,,3050,
1189,1989,3050,5,138,1989-05-18,,3050,
1190,2003,3050,5,132,2003-05-12,,3050,
1191,2003,3050,5,133,2003-05-13,,3050,
1192,2003,3050,5,134,2003-05-14,,3050,
1193,2003,3050,5,135,2003-05-15,,3050,
1194,2003,3050,5,136,2003-05-16,,3050,
1195,2003,3050,5,137,2003-05-17,,3050,
1196,2003,3050,5,138,2003-05-18,,3050,
1197,2005,3050,5,132,2005-05-12,,3050,
1198,2005,3050,5,133,2005-05-13,,3050,
1199,2005,3050,5,134,2005-05-14,,3050,
1200,2005,3050,5,135,2005-05-15,,3050,
1201,2005,3050,5,136,2005-05-16,,3050,
1202,2005,3050,5,137,2005-05-17,,3050,
1203,2005,3050,5,138,2005-05-18,,3050,
1204,2013,3050,5,132,2013-05-12,,3050,
1205,2013,3050,5,133,2013-05-13,,3050,
1206,2013,3050,5,134,2013-05-14,,3050,
1207,2013,3050,5,135,2013-05-15,,3050,
1208,2013,3050,5,136,2013-05-16,,3050,
1209,2013,3050,5,137,2013-05-17,,3050,
1210,2013,3050,5,138,2013-05-18,,3050,
1211,1989,3230,5,132,1989-05-12,,3230,
1212,1989,3230,5,133,1989-05-13,,3230,
1213,1989,3230,5,134,1989-05-14,,3230,
1214,1989,3230,5,135,1989-05-15,,3230,
1215,1989,3230,5,136,1989-05-16,,3230,
1216,1989,3230,5,137,1989-05-17,,3230,
1217,1989,3230,5,138,1989-05-18,,3230,
1218,2003,3230,5,132,2003-05-12,,3230,
1219,2003,3230,5,133,2003-05-13,,3230,
1220,2003,3230,5,134,2003-05-14,,3230,
1221,2003,3230,5,135,2003-05-15,,3230,
1222,2003,3230,5,136,2003-05-16,,3230,
1223,2003,3230,5,137,2003-05-17,,3230,
1224,2003,3230,5,138,2003-05-18,,3230,
1225,2005,3230,5,132,2005-05-12,,3230,
1226,2005,3230,5,133,2005-05-13,,3230,
1227,2005,3230,5,134,2005-05-14,,3230,
1228,2005,3230,5,135,2005-05-15,,3230,
1229,2005,3230,5,136,2005-05-16,,3230,
1230,2005,3230,5,137,2005-05-17,,3230,
1231,2005,3230,5,138,2005-05-18,,3230,
1232,2013,3230,5,132,2013-05-12,,3230,
1233,2013,3230,5,133,2013-05-13,,3230,
1234,2013,3230,5,134,2013-05-14,,3230,
1235,2013,3230,5,135,2013-05-15,,3230,
1236,2013,3230,5,136,2013-05-16,,3230,
1237,2013,3230,5,137,2013-05-17,,3230,
1238,2013,3230,5,138,2013-05-18,,3230,
